[{
	"id": "1",
	"content": "[正确答案选C]",
	"optionA": "300ml",
	"optionB": "400ml",
	"optionC": "500ml",
	"optionD": "600ml",
	"optionE": "700ml",
	"optionF": "",
	"ans": "C",
	"analysis": "胎儿娩出后24小时阴道流血量阴道分娩超过500ml称产后出血",
	"keyConcept": "产后出血定义",
	"level": "易",
	"isMulti": "0"
}, {
	"id": "2",
	"content": "[正确答案选A]",
	"optionA": "子宫收缩乏力",
	"optionB": "软产道裂伤",
	"optionC": "胎盘滞留",
	"optionD": "凝血功能障碍",
	"optionE": "急产",
	"optionF": "",
	"ans": "A",
	"analysis": "产后出血病因分为宫缩乏力、软产道裂伤、胎盘因素和凝血功能障碍4种,常见原因是宫缩乏力。",
	"keyConcept": "产后出血病因",
	"level": "易",
	"isMulti": "0"
}, {
	"id": "3",
	"content": "[正确答案选D]",
	"optionA": "宫缩乏力",
	"optionB": "阴道静脉破裂",
	"optionC": "宫颈裂伤",
	"optionD": "胎盘部分剥离",
	"optionE": "凝血功能障碍",
	"optionF": "",
	"ans": "D",
	"analysis": "胎儿娩出后,胎盘未娩出考虑胎盘部分剥离，导致出血增多。",
	"keyConcept": "产后出血病因",
	"level": "易",
	"isMulti": "0"
}, {
	"id": "4",
	"content": "[正确答案选C]",
	"optionA": "宫缩乏力",
	"optionB": "胎盘粘连",
	"optionC": "胎盘大部植人",
	"optionD": "凝血功能障碍",
	"optionE": "子宫胎盘卒中",
	"optionF": "",
	"ans": "C",
	"analysis": "胎盘大部分植入应切除于宫止血。",
	"keyConcept": "胎盘植入引起产后出血的处理",
	"level": "易",
	"isMulti": "0"
}, {
	"id": "5",
	"content": "[正确答案选B]",
	"optionA": "脐带晚垂",
	"optionB": "产程延长，产后出血",
	"optionC": "产褥感染",
	"optionD": "胎头交锁",
	"optionE": " 胎膜早破",
	"optionF": "",
	"ans": "B",
	"analysis": "子宫过度膨胀如双胎妊娠、巨大胎儿、羊水过多、妊娘合并子宫肌瘤等，均可使宫缩乏力。",
	"keyConcept": "产后出血的病因",
	"level": "易",
	"isMulti": "0"
}, {
	"id": "6",
	"content": "[正确答案选C]",
	"optionA": "硫酸镁",
	"optionB": " 缩宫素",
	"optionC": "麦角新碱",
	"optionD": "前列腺素",
	"optionE": "甘露醇",
	"optionF": "",
	"ans": "C",
	"analysis": "心脏病孕妇产后出血时禁用麦角新碱",
	"keyConcept": "产后出血用药",
	"level": "难",
	"isMulti": "0"
}, {
	"id": "7",
	"content": "[正确答案选D]",
	"optionA": "立即剖宫产",
	"optionB": "引产终止妊娠",
	"optionC": "高蛋白饮食增加营养",
	"optionD": "用维生素K和维生素C",
	"optionE": "用对羧基苄胺",
	"optionF": "",
	"ans": "D",
	"analysis": "病毒性肝炎凝血功能障碍，预防产后出血应补充维生素K和维生素C，改善凝血功能。",
	"keyConcept": "产后出血用药",
	"level": "难",
	"isMulti": "0"
}, {
	"id": "8",
	"content": "[正确答案选D]",
	"optionA": "对具有较高产后出血危险的产妇做好及早处理的准备工作如配血",
	"optionB": "第一产程要避免产妇过度疲劳",
	"optionC": "第二产程时要指导产妇适时及正确使用腹压",
	"optionD": "双胎妊娠，在第一胎肩部娩出后应肌内注射麦角新碱0.2mg",
	"optionE": "产后2小时内在产房内观察宫缩及阴道流血情况",
	"optionF": "",
	"ans": "D",
	"analysis": "产后出血的预防，有高危因",
	"keyConcept": "产后出血",
	"level": "难",
	"isMulti": "0"
}, {
	"id": "9",
	"content": "[正确答案选D]",
	"optionA": "死胎",
	"optionB": "重度子痫前期",
	"optionC": "羊水栓塞",
	"optionD": "过期妊娠",
	"optionE": "妊娠合并肝炎",
	"optionF": "",
	"ans": "D",
	"analysis": "过期妊坂和DIC发生无关，但死胎、子痛前期、羊水栓塞、肝炎均有可能发生凝血功能异常。",
	"keyConcept": "产后出血",
	"level": "易",
	"isMulti": "0"
}, {
	"id": "10",
	"content": "[正确答案选A]",
	"optionA": " 立即人工剥离胎盘，并注射宫缩剂",
	"optionB": "抽血做交叉配血",
	"optionC": "阴道检查有无软产道裂伤",
	"optionD": "检查凝血功能",
	"optionE": "立即静脉输人生理盐水",
	"optionF": "",
	"ans": "A",
	"analysis": "胎儿娩出后大量出血，应及时手取胎盘,以减少出血。",
	"keyConcept": "产后出血",
	"level": "难",
	"isMulti": "0"
}, {
	"id": "11",
	"content": "[正确答案选ABCDE]",
	"optionA": "注射缩宫素",
	"optionB": "注射麦角新碱",
	"optionC": "输液，配血",
	"optionD": "开放静脉输液，手取胎盘，检查阴道及宫颈，如有裂伤，则缝合",
	"optionE": "仔细检查阴道及宫颈，有裂伤即缝合",
	"optionF": "",
	"ans": "ABCDE",
	"analysis": "胎儿娩出后出血多，应考虑有产道裂伤因素和胎盘部分剥离因素，应及时手取胎盘，并检查缝合产道。",
	"keyConcept": "产后出血",
	"level": "难",
	"isMulti": "1"
}, {
	"id": "12",
	"content": "[正确答案选D]",
	"optionA": "子宫肌瘤",
	"optionB": "宫缩乏力",
	"optionC": "双胎",
	"optionD": "早产",
	"optionE": "死胎",
	"optionF": "",
	"ans": "D",
	"analysis": "单独早产不是产后出血的高位因素",
	"keyConcept": "产后出血的病因",
	"level": "易",
	"isMulti": "1"
}, {
	"id": "13",
	"content": "[正确答案选CE]",
	"optionA": "清宫",
	"optionB": "给予子宫收缩药",
	"optionC": "牵拉脐带",
	"optionD": "排空膀胱",
	"optionE": "按摩子宫",
	"optionF": "",
	"ans": "CE",
	"analysis": "膀胱充盈，可使已剥离的胎盘滞留宫腔",
	"keyConcept": "胎盘因素引起产后出血",
	"level": "难",
	"isMulti": "1"
}, {
	"id": "14",
	"content": "[正确答案选AC]",
	"optionA": "宫腔粘连",
	"optionB": "宫腔粘连",
	"optionC": "宫腔粘连",
	"optionD": "宫腔粘连",
	"optionE": "闭经及乳汁分泌",
	"optionF": "",
	"ans": "AC",
	"analysis": "sheehan综合征是由于产后出血休克导致备体前叶缺血坏死，从而导致的内分泌异常疾病。",
	"keyConcept": "Sheehan综合征",
	"level": "易",
	"isMulti": "1"
}, {
	"id": "15",
	"content": "[正确答案选DE]",
	"optionA": "胎儿娩出后至产褥期内",
	"optionB": "分娩24小时内",
	"optionC": "分娩24小时后",
	"optionD": "分娩24小时后至产褥10日内",
	"optionE": "分娩24小时后至产褥期内",
	"optionF": "",
	"ans": "DE",
	"analysis": "此题主要考查晚期产后出血的定义：晚期产后出血指分娩24小时后，在产褥期内发生的子宫大量出血，出血量超过500ml。 产后1-2周发病最常见。",
	"keyConcept": "晚期产后出血",
	"level": "中",
	"isMulti": "1"
}]