[{
	"id": "1",
	"content": "[正确答案选ABCDE]",
	"optionA": "注射缩宫素",
	"optionB": "注射麦角新碱",
	"optionC": "输液，配血",
	"optionD": "开放静脉输液，手取胎盘，检查阴道及宫颈，如有裂伤，则缝合",
	"optionE": "仔细检查阴道及宫颈，有裂伤即缝合",
	"optionF": "",
	"ans": "ABCDE",
	"analysis": "胎儿娩出后出血多，应考虑有产道裂伤因素和胎盘部分剥离因素，应及时手取胎盘，并检查缝合产道。",
	"keyConcept": "产后出血",
	"level": "难",
	"isMulti": "1"
}, {
	"id": "2",
	"content": "[正确答案选D]",
	"optionA": "子宫肌瘤",
	"optionB": "宫缩乏力",
	"optionC": "双胎",
	"optionD": "早产",
	"optionE": "死胎",
	"optionF": "",
	"ans": "D",
	"analysis": "单独早产不是产后出血的高位因素",
	"keyConcept": "产后出血的病因",
	"level": "易",
	"isMulti": "1"
}, {
	"id": "3",
	"content": "[正确答案选CE]",
	"optionA": "清宫",
	"optionB": "给予子宫收缩药",
	"optionC": "牵拉脐带",
	"optionD": "排空膀胱",
	"optionE": "按摩子宫",
	"optionF": "",
	"ans": "CE",
	"analysis": "膀胱充盈，可使已剥离的胎盘滞留宫腔",
	"keyConcept": "胎盘因素引起产后出血",
	"level": "难",
	"isMulti": "1"
}, {
	"id": "4",
	"content": "[正确答案选AC]",
	"optionA": "宫腔粘连",
	"optionB": "宫腔粘连",
	"optionC": "宫腔粘连",
	"optionD": "宫腔粘连",
	"optionE": "闭经及乳汁分泌",
	"optionF": "",
	"ans": "AC",
	"analysis": "sheehan综合征是由于产后出血休克导致备体前叶缺血坏死，从而导致的内分泌异常疾病。",
	"keyConcept": "Sheehan综合征",
	"level": "易",
	"isMulti": "1"
}, {
	"id": "5",
	"content": "[正确答案选DE]",
	"optionA": "胎儿娩出后至产褥期内",
	"optionB": "分娩24小时内",
	"optionC": "分娩24小时后",
	"optionD": "分娩24小时后至产褥10日内",
	"optionE": "分娩24小时后至产褥期内",
	"optionF": "",
	"ans": "DE",
	"analysis": "此题主要考查晚期产后出血的定义：晚期产后出血指分娩24小时后，在产褥期内发生的子宫大量出血，出血量超过500ml。 产后1-2周发病最常见。",
	"keyConcept": "晚期产后出血",
	"level": "中",
	"isMulti": "1"
}]